id,transaction_reference,account_id,card_id,transaction_date,transaction_time,amount,transaction_type,description,transaction_status,friendly_description
1,TRX001,5,,2024-07-05,21:49:00,188.07,PAYMENT,Transaction 1,SUCCESS,Transaction 1 friendly
2,TRX002,2,,2024-03-19,02:28:00,123.43,TRANSFER,Transaction 2,FAILED,Transaction 2 friendly
3,TRX003,1,11,2024-02-05,04:59:00,37.32,DEBIT,Transaction 3,PENDING,Transaction 3 friendly
4,TRX004,4,,2024-04-24,16:16:00,414.63,TRANSFER,Transaction 4,FAILED,Transaction 4 friendly
5,TRX005,5,,2024-06-28,01:21:00,412.36,WITHDRAWAL,Transaction 5,FAILED,Transaction 5 friendly
6,TRX006,4,,2024-03-11,10:14:00,284.5,PAYMENT,Transaction 6,FAILED,Transaction 6 friendly
7,TRX007,5,11,2024-02-05,19:46:00,204.58,CREDIT,Transaction 7,SUCCESS,Transaction 7 friendly
8,TRX008,4,7,2024-12-27,20:51:00,253.04,DEBIT,Transaction 8,PENDING,Transaction 8 friendly
9,TRX009,4,9,2024-06-06,08:31:00,348.57,DEBIT,Transaction 9,SUCCESS,Transaction 9 friendly
10,TRX010,2,8,2024-04-27,06:40:00,176.2,DEBIT,Transaction 10,FAILED,Transaction 10 friendly
11,TRX011,2,,2024-01-21,08:29:40,93.8,TRANSFER,Transaction 11,SUCCESS,Transaction 11 friendly
12,TRX012,1,8,2024-05-08,04:24:22,79.97,CREDIT,Transaction 12,FAILED,Transaction 12 friendly
13,TRX013,2,6,2024-11-08,16:00:15,433.48,TRANSFER,Transaction 13,FAILED,Transaction 13 friendly
14,TRX014,3,,2024-07-23,11:59:00,124.04,WITHDRAWAL,Transaction 14,FAILED,Transaction 14 friendly
15,TRX015,5,3,2024-09-14,05:34:59,178.16,DEBIT,Transaction 15,PENDING,Transaction 15 friendly
16,TRX016,5,,2024-06-13,07:58:27,277.06,CREDIT,Transaction 16,FAILED,Transaction 16 friendly
17,TRX017,5,,2024-03-01,20:09:14,476.41,PAYMENT,Transaction 17,SUCCESS,Transaction 17 friendly
18,TRX018,5,,2024-12-17,03:15:30,397.72,TRANSFER,Transaction 18,SUCCESS,Transaction 18 friendly
19,TRX019,2,11,2024-11-22,11:41:31,96.55,DEBIT,Transaction 19,FAILED,Transaction 19 friendly
20,TRX020,5,,2024-10-23,22:31:12,62.29,TRANSFER,Transaction 20,PENDING,Transaction 20 friendly
21,TRX021,2,6,2024-12-09,06:44:11,261.9,DEBIT,Transaction 21,SUCCESS,Transaction 21 friendly
22,TRX022,3,1,2024-10-08,22:19:59,141.41,PAYMENT,Transaction 22,PENDING,Transaction 22 friendly
23,TRX023,4,,2024-10-22,06:05:06,437.51,TRANSFER,Transaction 23,SUCCESS,Transaction 23 friendly
24,TRX024,4,3,2024-06-04,04:23:22,363.42,WITHDRAWAL,Transaction 24,FAILED,Transaction 24 friendly
25,TRX025,1,,2024-11-26,18:37:20,158.22,WITHDRAWAL,Transaction 25,FAILED,Transaction 25 friendly
26,TRX026,4,1,2024-01-11,05:54:41,178.49,CREDIT,Transaction 26,SUCCESS,Transaction 26 friendly
27,TRX027,1,,2024-01-31,06:18:38,256.76,WITHDRAWAL,Transaction 27,PENDING,Transaction 27 friendly
28,TRX028,4,,2024-12-17,19:25:11,291.7,PAYMENT,Transaction 28,SUCCESS,Transaction 28 friendly
29,TRX029,2,,2024-05-17,07:40:43,474.79,PAYMENT,Transaction 29,SUCCESS,Transaction 29 friendly
30,TRX030,1,2,2024-11-10,20:31:04,162.58,TRANSFER,Transaction 30,PENDING,Transaction 30 friendly
31,TRX031,3,4,2024-06-17,03:31:18,47.54,CREDIT,Transaction 31,FAILED,Transaction 31 friendly
32,TRX032,5,11,2024-12-21,02:22:37,355.29,DEBIT,Transaction 32,PENDING,Transaction 32 friendly
33,TRX033,4,1,2024-06-11,06:12:38,403.57,WITHDRAWAL,Transaction 33,SUCCESS,Transaction 33 friendly
34,TRX034,3,,2024-02-23,22:22:03,495.69,CREDIT,Transaction 34,PENDING,Transaction 34 friendly
35,TRX035,2,1,2024-12-10,10:13:00,460.89,PAYMENT,Transaction 35,FAILED,Transaction 35 friendly
36,TRX036,4,,2024-08-14,23:23:21,466.81,PAYMENT,Transaction 36,PENDING,Transaction 36 friendly
37,TRX037,4,4,2024-04-14,01:26:18,177.25,CREDIT,Transaction 37,PENDING,Transaction 37 friendly
38,TRX038,1,,2024-08-10,23:31:51,262.93,CREDIT,Transaction 38,SUCCESS,Transaction 38 friendly
39,TRX039,1,5,2024-03-04,01:07:04,274.27,TRANSFER,Transaction 39,FAILED,Transaction 39 friendly
40,TRX040,1,,2024-12-07,20:35:43,140.25,WITHDRAWAL,Transaction 40,FAILED,Transaction 40 friendly
41,TRX041,5,4,2024-12-05,20:52:28,252.05,DEBIT,Transaction 41,SUCCESS,Transaction 41 friendly
42,TRX042,4,11,2024-01-27,06:37:08,57.08,WITHDRAWAL,Transaction 42,SUCCESS,Transaction 42 friendly
43,TRX043,3,,2024-09-05,18:53:03,267.88,WITHDRAWAL,Transaction 43,PENDING,Transaction 43 friendly
44,TRX044,1,,2024-04-10,12:30:32,366.72,TRANSFER,Transaction 44,PENDING,Transaction 44 friendly
45,TRX045,1,,2024-02-07,13:52:13,262.03,WITHDRAWAL,Transaction 45,PENDING,Transaction 45 friendly
46,TRX046,4,8,2024-06-16,08:32:01,357.46,CREDIT,Transaction 46,FAILED,Transaction 46 friendly
47,TRX047,2,,2024-10-16,05:44:42,106.37,PAYMENT,Transaction 47,SUCCESS,Transaction 47 friendly
48,TRX048,4,9,2024-10-02,05:57:56,269.65,WITHDRAWAL,Transaction 48,PENDING,Transaction 48 friendly
49,TRX049,2,3,2024-04-22,15:57:35,123.26,WITHDRAWAL,Transaction 49,PENDING,Transaction 49 friendly
50,TRX050,2,4,2024-05-12,07:08:20,48.77,PAYMENT,Transaction 50,FAILED,Transaction 50 friendly
51,TRX051,1,,2024-07-17,15:22:52,244.87,CREDIT,Transaction 51,FAILED,Transaction 51 friendly
52,TRX052,3,6,2024-10-15,13:57:04,82.31,WITHDRAWAL,Transaction 52,SUCCESS,Transaction 52 friendly
53,TRX053,1,2,2024-06-22,17:34:55,462.8,WITHDRAWAL,Transaction 53,PENDING,Transaction 53 friendly
54,TRX054,5,,2024-04-14,03:35:18,301.08,DEBIT,Transaction 54,SUCCESS,Transaction 54 friendly
55,TRX055,4,,2024-01-31,16:48:51,275.43,TRANSFER,Transaction 55,SUCCESS,Transaction 55 friendly
56,TRX056,2,,2024-08-21,00:01:44,423.41,WITHDRAWAL,Transaction 56,FAILED,Transaction 56 friendly
57,TRX057,1,,2024-02-16,16:28:46,59.15,TRANSFER,Transaction 57,FAILED,Transaction 57 friendly
58,TRX058,4,,2024-12-22,09:04:09,423.18,PAYMENT,Transaction 58,SUCCESS,Transaction 58 friendly
59,TRX059,1,,2024-06-14,03:47:01,273.89,TRANSFER,Transaction 59,PENDING,Transaction 59 friendly
60,TRX060,3,8,2024-04-30,20:28:28,254.31,DEBIT,Transaction 60,SUCCESS,Transaction 60 friendly
61,TRX061,2,7,2024-05-26,04:28:45,248.81,DEBIT,Transaction 61,FAILED,Transaction 61 friendly
62,TRX062,1,,2024-11-18,20:33:35,25.53,PAYMENT,Transaction 62,FAILED,Transaction 62 friendly
63,TRX063,2,,2024-05-29,08:55:20,50.18,DEBIT,Transaction 63,SUCCESS,Transaction 63 friendly
64,TRX064,3,8,2024-05-28,09:08:25,484.08,TRANSFER,Transaction 64,SUCCESS,Transaction 64 friendly
65,TRX065,5,2,2024-01-26,14:39:05,321.23,DEBIT,Transaction 65,FAILED,Transaction 65 friendly
66,TRX066,4,4,2024-01-07,20:45:58,40.81,CREDIT,Transaction 66,FAILED,Transaction 66 friendly
67,TRX067,4,,2024-08-16,05:49:28,98.8,TRANSFER,Transaction 67,FAILED,Transaction 67 friendly
68,TRX068,3,,2024-09-17,06:23:42,279.01,DEBIT,Transaction 68,SUCCESS,Transaction 68 friendly
69,TRX069,3,2,2024-09-14,06:50:12,138.92,TRANSFER,Transaction 69,PENDING,Transaction 69 friendly
70,TRX070,5,4,2024-04-07,20:21:48,490.46,WITHDRAWAL,Transaction 70,PENDING,Transaction 70 friendly
71,TRX071,4,2,2024-02-06,10:17:34,27.19,CREDIT,Transaction 71,FAILED,Transaction 71 friendly
72,TRX072,1,,2024-04-19,04:10:57,484.87,DEBIT,Transaction 72,SUCCESS,Transaction 72 friendly
73,TRX073,1,,2024-01-26,11:55:11,171.62,CREDIT,Transaction 73,FAILED,Transaction 73 friendly
74,TRX074,2,9,2024-06-11,05:23:07,58.64,DEBIT,Transaction 74,PENDING,Transaction 74 friendly
75,TRX075,5,1,2024-12-04,07:15:08,179.06,WITHDRAWAL,Transaction 75,PENDING,Transaction 75 friendly
76,TRX076,2,2,2024-09-24,07:47:59,183.08,PAYMENT,Transaction 76,FAILED,Transaction 76 friendly
77,TRX077,2,9,2024-01-11,15:28:52,241.86,PAYMENT,Transaction 77,SUCCESS,Transaction 77 friendly
78,TRX078,1,7,2024-05-22,22:44:43,254.68,CREDIT,Transaction 78,FAILED,Transaction 78 friendly
79,TRX079,1,,2024-03-20,23:47:56,201.02,PAYMENT,Transaction 79,SUCCESS,Transaction 79 friendly
80,TRX080,4,,2024-12-13,05:41:47,231.74,DEBIT,Transaction 80,PENDING,Transaction 80 friendly
81,TRX081,3,,2024-12-25,22:25:03,408.19,WITHDRAWAL,Transaction 81,PENDING,Transaction 81 friendly
82,TRX082,1,,2024-09-06,19:30:13,398.75,CREDIT,Transaction 82,FAILED,Transaction 82 friendly
83,TRX083,2,,2024-02-13,04:54:12,491.32,TRANSFER,Transaction 83,SUCCESS,Transaction 83 friendly
84,TRX084,3,,2024-06-13,09:31:21,476.53,DEBIT,Transaction 84,FAILED,Transaction 84 friendly
85,TRX085,5,8,2024-10-02,03:30:31,235.23,WITHDRAWAL,Transaction 85,PENDING,Transaction 85 friendly
86,TRX086,4,,2024-11-13,09:20:42,464.85,PAYMENT,Transaction 86,SUCCESS,Transaction 86 friendly
87,TRX087,4,10,2024-02-25,18:14:33,335.99,TRANSFER,Transaction 87,PENDING,Transaction 87 friendly
88,TRX088,5,,2024-06-23,02:21:58,318.13,WITHDRAWAL,Transaction 88,FAILED,Transaction 88 friendly
89,TRX089,1,,2024-02-28,06:57:01,49.64,WITHDRAWAL,Transaction 89,PENDING,Transaction 89 friendly
90,TRX090,3,3,2024-09-14,06:19:12,420.37,CREDIT,Transaction 90,FAILED,Transaction 90 friendly
91,TRX091,4,8,2024-05-16,11:28:56,490.76,DEBIT,Transaction 91,SUCCESS,Transaction 91 friendly
92,TRX092,1,9,2024-07-06,02:49:59,76.44,PAYMENT,Transaction 92,FAILED,Transaction 92 friendly
93,TRX093,1,7,2024-01-02,13:11:50,236.66,PAYMENT,Transaction 93,SUCCESS,Transaction 93 friendly
94,TRX094,3,6,2024-06-25,19:43:20,462.31,DEBIT,Transaction 94,FAILED,Transaction 94 friendly
95,TRX095,4,3,2024-06-23,13:54:29,315.69,TRANSFER,Transaction 95,SUCCESS,Transaction 95 friendly
96,TRX096,4,,2024-02-05,09:06:30,462.05,CREDIT,Transaction 96,SUCCESS,Transaction 96 friendly
97,TRX097,2,4,2024-01-26,07:31:41,118.22,TRANSFER,Transaction 97,SUCCESS,Transaction 97 friendly
98,TRX098,5,11,2024-01-04,22:50:10,152.51,TRANSFER,Transaction 98,FAILED,Transaction 98 friendly
99,TRX099,1,1,2024-11-15,14:29:10,203.24,PAYMENT,Transaction 99,SUCCESS,Transaction 99 friendly
100,TRX100,1,3,2024-08-29,22:14:42,353.86,TRANSFER,Transaction 100,PENDING,Transaction 100 friendly
101,TRX101,5,7,2024-07-09,11:29:31,63.82,CREDIT,Transaction 101,PENDING,Transaction 101 friendly
102,TRX102,4,1,2024-02-18,12:12:08,63.5,CREDIT,Transaction 102,FAILED,Transaction 102 friendly
103,TRX103,5,9,2024-08-17,19:06:45,143.02,CREDIT,Transaction 103,PENDING,Transaction 103 friendly
104,TRX104,1,8,2024-04-30,03:40:30,191.71,DEBIT,Transaction 104,FAILED,Transaction 104 friendly
105,TRX105,5,,2024-01-30,01:01:28,291.0,PAYMENT,Transaction 105,PENDING,Transaction 105 friendly
106,TRX106,3,,2024-06-20,19:43:05,369.67,TRANSFER,Transaction 106,PENDING,Transaction 106 friendly
107,TRX107,1,,2024-06-18,04:43:41,53.57,CREDIT,Transaction 107,SUCCESS,Transaction 107 friendly
108,TRX108,5,,2024-05-24,01:30:21,330.55,CREDIT,Transaction 108,FAILED,Transaction 108 friendly
109,TRX109,3,4,2024-01-03,17:22:38,124.95,DEBIT,Transaction 109,FAILED,Transaction 109 friendly
110,TRX110,3,,2024-08-08,11:59:29,225.64,WITHDRAWAL,Transaction 110,PENDING,Transaction 110 friendly
111,TRX111,3,10,2024-10-16,04:54:06,349.89,CREDIT,Transaction 111,FAILED,Transaction 111 friendly
112,TRX112,1,,2024-12-15,00:21:43,136.75,WITHDRAWAL,Transaction 112,PENDING,Transaction 112 friendly
113,TRX113,5,4,2024-10-04,22:14:17,243.67,DEBIT,Transaction 113,PENDING,Transaction 113 friendly
114,TRX114,1,10,2024-08-02,16:28:36,475.18,DEBIT,Transaction 114,FAILED,Transaction 114 friendly
115,TRX115,4,5,2024-06-14,05:03:13,121.23,WITHDRAWAL,Transaction 115,SUCCESS,Transaction 115 friendly
116,TRX116,1,5,2024-07-01,06:47:20,140.44,WITHDRAWAL,Transaction 116,SUCCESS,Transaction 116 friendly
117,TRX117,4,,2024-02-20,19:21:11,152.6,CREDIT,Transaction 117,FAILED,Transaction 117 friendly
118,TRX118,3,,2024-08-26,02:49:13,74.63,TRANSFER,Transaction 118,PENDING,Transaction 118 friendly
119,TRX119,1,2,2024-12-23,16:46:09,220.96,PAYMENT,Transaction 119,PENDING,Transaction 119 friendly
120,TRX120,4,11,2024-01-09,15:11:56,147.2,TRANSFER,Transaction 120,PENDING,Transaction 120 friendly
121,TRX121,4,,2024-08-17,17:37:44,447.37,DEBIT,Transaction 121,SUCCESS,Transaction 121 friendly
122,TRX122,4,11,2024-04-18,12:05:06,125.38,DEBIT,Transaction 122,FAILED,Transaction 122 friendly
123,TRX123,4,,2024-01-19,14:48:28,248.61,CREDIT,Transaction 123,PENDING,Transaction 123 friendly
124,TRX124,5,,2024-08-21,15:26:56,416.99,CREDIT,Transaction 124,SUCCESS,Transaction 124 friendly
125,TRX125,3,,2024-01-03,03:38:25,226.12,WITHDRAWAL,Transaction 125,SUCCESS,Transaction 125 friendly
126,TRX126,2,,2024-02-26,21:45:16,301.51,CREDIT,Transaction 126,FAILED,Transaction 126 friendly
127,TRX127,3,,2024-08-21,18:00:45,375.19,WITHDRAWAL,Transaction 127,PENDING,Transaction 127 friendly
128,TRX128,2,,2024-04-06,03:28:49,292.86,WITHDRAWAL,Transaction 128,FAILED,Transaction 128 friendly
129,TRX129,2,6,2024-04-03,18:46:57,334.17,CREDIT,Transaction 129,PENDING,Transaction 129 friendly
130,TRX130,2,,2024-03-22,16:17:27,441.11,DEBIT,Transaction 130,FAILED,Transaction 130 friendly
131,TRX131,1,,2024-06-12,02:46:55,366.0,DEBIT,Transaction 131,FAILED,Transaction 131 friendly
132,TRX132,3,1,2024-06-15,15:43:05,126.97,WITHDRAWAL,Transaction 132,FAILED,Transaction 132 friendly
133,TRX133,4,8,2024-08-07,23:02:32,491.57,DEBIT,Transaction 133,PENDING,Transaction 133 friendly
134,TRX134,1,2,2024-03-22,10:35:41,184.85,TRANSFER,Transaction 134,FAILED,Transaction 134 friendly
135,TRX135,3,7,2024-05-30,02:59:29,85.09,DEBIT,Transaction 135,FAILED,Transaction 135 friendly
136,TRX136,4,,2024-08-03,17:29:21,330.95,WITHDRAWAL,Transaction 136,FAILED,Transaction 136 friendly
137,TRX137,5,,2024-08-15,07:57:59,69.92,DEBIT,Transaction 137,FAILED,Transaction 137 friendly
138,TRX138,3,10,2024-09-02,20:15:43,366.97,DEBIT,Transaction 138,PENDING,Transaction 138 friendly
139,TRX139,1,,2024-07-07,05:14:44,144.28,TRANSFER,Transaction 139,FAILED,Transaction 139 friendly
140,TRX140,4,5,2024-02-11,15:02:28,403.46,DEBIT,Transaction 140,PENDING,Transaction 140 friendly
141,TRX141,2,,2024-08-04,11:24:09,146.04,WITHDRAWAL,Transaction 141,PENDING,Transaction 141 friendly
142,TRX142,3,,2024-07-25,04:29:58,153.92,DEBIT,Transaction 142,SUCCESS,Transaction 142 friendly
143,TRX143,3,,2024-03-11,20:38:10,472.23,TRANSFER,Transaction 143,PENDING,Transaction 143 friendly
144,TRX144,2,4,2024-10-17,03:10:56,34.09,PAYMENT,Transaction 144,SUCCESS,Transaction 144 friendly
145,TRX145,4,,2024-01-09,21:35:24,456.74,TRANSFER,Transaction 145,PENDING,Transaction 145 friendly
146,TRX146,5,,2024-04-08,06:49:09,494.19,WITHDRAWAL,Transaction 146,FAILED,Transaction 146 friendly
147,TRX147,3,4,2024-03-23,10:48:17,94.91,CREDIT,Transaction 147,SUCCESS,Transaction 147 friendly
148,TRX148,3,1,2024-02-23,07:02:19,289.8,WITHDRAWAL,Transaction 148,SUCCESS,Transaction 148 friendly
149,TRX149,2,3,2024-01-09,14:01:06,247.13,WITHDRAWAL,Transaction 149,FAILED,Transaction 149 friendly
150,TRX150,5,5,2024-10-20,12:11:25,363.18,PAYMENT,Transaction 150,FAILED,Transaction 150 friendly
151,TRX151,3,,2024-11-12,03:16:37,452.17,CREDIT,Transaction 151,PENDING,Transaction 151 friendly
152,TRX152,1,,2024-05-05,19:28:37,119.95,WITHDRAWAL,Transaction 152,PENDING,Transaction 152 friendly
153,TRX153,5,1,2024-09-21,05:18:17,224.49,DEBIT,Transaction 153,SUCCESS,Transaction 153 friendly
154,TRX154,5,3,2024-05-04,19:49:07,47.96,CREDIT,Transaction 154,FAILED,Transaction 154 friendly
155,TRX155,2,,2024-09-24,23:54:34,453.75,TRANSFER,Transaction 155,PENDING,Transaction 155 friendly
156,TRX156,3,,2024-02-09,04:16:10,227.63,DEBIT,Transaction 156,FAILED,Transaction 156 friendly
157,TRX157,5,2,2024-07-10,19:12:25,306.21,DEBIT,Transaction 157,FAILED,Transaction 157 friendly
158,TRX158,1,6,2024-06-11,05:14:56,64.01,TRANSFER,Transaction 158,FAILED,Transaction 158 friendly
159,TRX159,3,,2024-11-28,11:12:12,413.14,WITHDRAWAL,Transaction 159,SUCCESS,Transaction 159 friendly
160,TRX160,3,,2024-12-04,18:40:25,420.4,DEBIT,Transaction 160,PENDING,Transaction 160 friendly
161,TRX161,5,8,2024-11-29,12:08:07,384.48,CREDIT,Transaction 161,FAILED,Transaction 161 friendly
162,TRX162,1,8,2024-10-14,13:58:16,455.86,PAYMENT,Transaction 162,FAILED,Transaction 162 friendly
163,TRX163,5,,2024-10-26,14:32:32,214.85,DEBIT,Transaction 163,FAILED,Transaction 163 friendly
164,TRX164,5,,2024-07-27,02:04:08,300.56,CREDIT,Transaction 164,SUCCESS,Transaction 164 friendly
165,TRX165,3,,2024-07-11,02:24:36,214.03,CREDIT,Transaction 165,SUCCESS,Transaction 165 friendly
166,TRX166,3,,2024-12-03,10:00:21,104.82,WITHDRAWAL,Transaction 166,SUCCESS,Transaction 166 friendly
167,TRX167,4,,2024-08-06,00:16:11,414.79,TRANSFER,Transaction 167,FAILED,Transaction 167 friendly
168,TRX168,3,,2024-02-24,08:19:10,96.65,CREDIT,Transaction 168,FAILED,Transaction 168 friendly
169,TRX169,1,,2024-09-25,21:21:46,120.71,DEBIT,Transaction 169,FAILED,Transaction 169 friendly
170,TRX170,1,8,2024-04-14,16:54:55,123.01,TRANSFER,Transaction 170,SUCCESS,Transaction 170 friendly
171,TRX171,4,,2024-06-20,22:09:44,95.61,PAYMENT,Transaction 171,FAILED,Transaction 171 friendly
172,TRX172,1,,2024-08-14,20:22:29,457.18,CREDIT,Transaction 172,SUCCESS,Transaction 172 friendly
173,TRX173,2,,2024-06-27,19:09:12,39.95,DEBIT,Transaction 173,SUCCESS,Transaction 173 friendly
174,TRX174,5,1,2024-11-04,15:44:59,164.6,TRANSFER,Transaction 174,FAILED,Transaction 174 friendly
175,TRX175,3,9,2024-10-01,17:52:43,297.02,DEBIT,Transaction 175,PENDING,Transaction 175 friendly
176,TRX176,2,9,2024-09-11,07:12:14,309.65,CREDIT,Transaction 176,SUCCESS,Transaction 176 friendly
177,TRX177,5,10,2024-01-06,09:57:11,90.81,PAYMENT,Transaction 177,PENDING,Transaction 177 friendly
178,TRX178,1,8,2024-09-18,13:15:43,470.94,DEBIT,Transaction 178,FAILED,Transaction 178 friendly
179,TRX179,2,4,2024-06-04,05:56:37,416.52,CREDIT,Transaction 179,PENDING,Transaction 179 friendly
180,TRX180,4,4,2024-04-09,10:38:56,308.94,CREDIT,Transaction 180,PENDING,Transaction 180 friendly
181,TRX181,3,,2024-02-02,14:13:24,392.78,TRANSFER,Transaction 181,SUCCESS,Transaction 181 friendly
182,TRX182,5,,2024-12-27,22:06:18,108.76,PAYMENT,Transaction 182,SUCCESS,Transaction 182 friendly
183,TRX183,3,2,2024-02-23,10:13:20,143.1,DEBIT,Transaction 183,FAILED,Transaction 183 friendly
184,TRX184,1,,2024-09-27,16:07:25,379.98,CREDIT,Transaction 184,PENDING,Transaction 184 friendly
185,TRX185,3,,2024-10-13,07:54:58,240.02,CREDIT,Transaction 185,FAILED,Transaction 185 friendly
186,TRX186,1,,2024-03-09,19:13:21,484.0,WITHDRAWAL,Transaction 186,PENDING,Transaction 186 friendly
187,TRX187,3,,2024-10-05,03:19:53,441.16,CREDIT,Transaction 187,FAILED,Transaction 187 friendly
188,TRX188,4,4,2024-11-01,16:53:23,474.87,TRANSFER,Transaction 188,PENDING,Transaction 188 friendly
189,TRX189,1,,2024-09-27,12:44:51,329.89,TRANSFER,Transaction 189,PENDING,Transaction 189 friendly
190,TRX190,4,,2024-05-27,11:55:31,182.0,WITHDRAWAL,Transaction 190,PENDING,Transaction 190 friendly
191,TRX191,3,,2024-11-10,07:33:33,382.84,PAYMENT,Transaction 191,SUCCESS,Transaction 191 friendly
192,TRX192,5,7,2024-01-29,10:47:01,481.83,WITHDRAWAL,Transaction 192,SUCCESS,Transaction 192 friendly
193,TRX193,4,,2024-03-10,03:44:54,117.06,DEBIT,Transaction 193,PENDING,Transaction 193 friendly
194,TRX194,2,,2024-01-08,11:28:17,220.44,WITHDRAWAL,Transaction 194,FAILED,Transaction 194 friendly
195,TRX195,2,4,2024-12-02,22:17:52,239.25,TRANSFER,Transaction 195,FAILED,Transaction 195 friendly
196,TRX196,4,,2024-06-06,18:29:44,12.16,DEBIT,Transaction 196,PENDING,Transaction 196 friendly
197,TRX197,1,,2024-12-21,15:36:48,194.58,PAYMENT,Transaction 197,PENDING,Transaction 197 friendly
198,TRX198,1,1,2024-03-06,19:37:19,248.31,DEBIT,Transaction 198,FAILED,Transaction 198 friendly
199,TRX199,3,,2024-12-25,17:50:13,95.88,CREDIT,Transaction 199,FAILED,Transaction 199 friendly
200,TRX200,3,,2024-05-21,19:36:48,351.64,CREDIT,Transaction 200,SUCCESS,Transaction 200 friendly
201,TRX201,2,,2024-12-29,12:54:15,42.57,DEBIT,Transaction 201,PENDING,Transaction 201 friendly
202,TRX202,5,6,2024-02-29,05:41:16,360.14,WITHDRAWAL,Transaction 202,SUCCESS,Transaction 202 friendly
203,TRX203,1,2,2024-08-20,04:25:34,444.43,CREDIT,Transaction 203,PENDING,Transaction 203 friendly
204,TRX204,3,2,2024-10-24,23:47:47,57.59,TRANSFER,Transaction 204,FAILED,Transaction 204 friendly
205,TRX205,2,,2024-04-30,16:48:41,94.97,WITHDRAWAL,Transaction 205,PENDING,Transaction 205 friendly
206,TRX206,3,4,2024-12-14,12:21:22,411.05,PAYMENT,Transaction 206,FAILED,Transaction 206 friendly
207,TRX207,4,8,2024-03-19,19:11:14,138.76,TRANSFER,Transaction 207,FAILED,Transaction 207 friendly
208,TRX208,5,8,2024-09-03,04:11:13,495.41,PAYMENT,Transaction 208,PENDING,Transaction 208 friendly
209,TRX209,2,7,2024-12-03,00:03:38,106.88,CREDIT,Transaction 209,FAILED,Transaction 209 friendly
210,TRX210,1,3,2024-03-27,11:12:28,254.79,CREDIT,Transaction 210,FAILED,Transaction 210 friendly
211,TRX211,5,2,2024-09-02,17:40:24,270.63,CREDIT,Transaction 211,FAILED,Transaction 211 friendly
212,TRX212,4,11,2024-10-27,03:50:11,365.0,WITHDRAWAL,Transaction 212,SUCCESS,Transaction 212 friendly
213,TRX213,3,11,2024-02-20,05:02:02,286.5,TRANSFER,Transaction 213,SUCCESS,Transaction 213 friendly
214,TRX214,1,1,2024-08-24,04:02:14,389.46,WITHDRAWAL,Transaction 214,FAILED,Transaction 214 friendly
215,TRX215,3,3,2024-09-10,16:44:02,157.97,CREDIT,Transaction 215,FAILED,Transaction 215 friendly
216,TRX216,2,,2024-05-09,17:54:31,367.81,WITHDRAWAL,Transaction 216,FAILED,Transaction 216 friendly
217,TRX217,3,11,2024-07-06,16:43:06,308.91,TRANSFER,Transaction 217,SUCCESS,Transaction 217 friendly
218,TRX218,3,,2024-07-05,01:08:02,242.2,DEBIT,Transaction 218,SUCCESS,Transaction 218 friendly
219,TRX219,5,3,2024-02-01,17:03:02,220.0,WITHDRAWAL,Transaction 219,SUCCESS,Transaction 219 friendly
220,TRX220,2,8,2024-12-18,00:49:04,414.32,TRANSFER,Transaction 220,FAILED,Transaction 220 friendly
221,TRX221,3,5,2024-12-29,16:12:01,73.67,DEBIT,Transaction 221,FAILED,Transaction 221 friendly
222,TRX222,1,8,2024-03-22,20:26:22,82.4,CREDIT,Transaction 222,PENDING,Transaction 222 friendly
223,TRX223,4,,2024-09-17,20:39:21,423.59,CREDIT,Transaction 223,PENDING,Transaction 223 friendly
224,TRX224,3,9,2024-11-19,00:43:45,365.26,PAYMENT,Transaction 224,PENDING,Transaction 224 friendly
225,TRX225,4,10,2024-07-22,18:08:47,30.59,DEBIT,Transaction 225,FAILED,Transaction 225 friendly
226,TRX226,5,,2024-09-11,03:49:10,474.8,DEBIT,Transaction 226,FAILED,Transaction 226 friendly
227,TRX227,4,,2024-10-04,09:07:49,257.77,TRANSFER,Transaction 227,PENDING,Transaction 227 friendly
228,TRX228,4,,2024-04-27,15:35:10,30.17,PAYMENT,Transaction 228,SUCCESS,Transaction 228 friendly
229,TRX229,2,2,2024-03-24,23:38:20,36.24,WITHDRAWAL,Transaction 229,PENDING,Transaction 229 friendly
230,TRX230,3,,2024-04-15,15:43:28,462.51,PAYMENT,Transaction 230,SUCCESS,Transaction 230 friendly
231,TRX231,4,,2024-07-31,17:58:30,54.71,PAYMENT,Transaction 231,PENDING,Transaction 231 friendly
232,TRX232,1,,2024-10-10,22:53:06,39.63,DEBIT,Transaction 232,PENDING,Transaction 232 friendly
233,TRX233,4,,2024-06-25,07:54:22,197.84,TRANSFER,Transaction 233,SUCCESS,Transaction 233 friendly
234,TRX234,5,8,2024-11-03,15:05:00,87.7,PAYMENT,Transaction 234,FAILED,Transaction 234 friendly
235,TRX235,3,,2024-11-27,10:55:24,56.6,WITHDRAWAL,Transaction 235,FAILED,Transaction 235 friendly
236,TRX236,1,,2024-03-01,16:31:25,163.95,DEBIT,Transaction 236,FAILED,Transaction 236 friendly
237,TRX237,1,,2024-03-19,23:12:26,394.99,TRANSFER,Transaction 237,SUCCESS,Transaction 237 friendly
238,TRX238,4,6,2024-03-15,01:44:06,174.58,PAYMENT,Transaction 238,FAILED,Transaction 238 friendly
239,TRX239,3,11,2024-12-17,08:03:26,287.39,WITHDRAWAL,Transaction 239,PENDING,Transaction 239 friendly
240,TRX240,3,6,2024-04-23,16:22:07,23.34,TRANSFER,Transaction 240,SUCCESS,Transaction 240 friendly
241,TRX241,4,2,2024-12-02,13:26:55,99.79,CREDIT,Transaction 241,PENDING,Transaction 241 friendly
242,TRX242,1,,2024-08-03,13:45:19,285.63,CREDIT,Transaction 242,SUCCESS,Transaction 242 friendly
243,TRX243,2,3,2024-09-18,08:04:05,85.88,CREDIT,Transaction 243,SUCCESS,Transaction 243 friendly
244,TRX244,3,,2024-12-03,15:42:57,287.62,PAYMENT,Transaction 244,PENDING,Transaction 244 friendly
245,TRX245,1,5,2024-12-15,20:33:17,270.44,PAYMENT,Transaction 245,PENDING,Transaction 245 friendly
246,TRX246,1,3,2024-03-18,23:20:28,144.91,PAYMENT,Transaction 246,FAILED,Transaction 246 friendly
247,TRX247,4,11,2024-01-24,19:53:16,436.04,TRANSFER,Transaction 247,SUCCESS,Transaction 247 friendly
248,TRX248,1,1,2024-07-23,01:14:33,451.81,TRANSFER,Transaction 248,PENDING,Transaction 248 friendly
249,TRX249,1,1,2024-12-02,05:40:58,130.02,DEBIT,Transaction 249,SUCCESS,Transaction 249 friendly
250,TRX250,4,9,2024-08-15,08:33:02,423.07,DEBIT,Transaction 250,PENDING,Transaction 250 friendly
251,TRX251,1,,2024-06-06,07:55:21,26.69,WITHDRAWAL,Transaction 251,FAILED,Transaction 251 friendly
252,TRX252,2,7,2024-03-25,03:56:33,201.53,WITHDRAWAL,Transaction 252,SUCCESS,Transaction 252 friendly
253,TRX253,4,7,2024-02-16,10:58:30,166.08,TRANSFER,Transaction 253,PENDING,Transaction 253 friendly
254,TRX254,2,2,2024-08-29,20:18:40,32.79,CREDIT,Transaction 254,PENDING,Transaction 254 friendly
255,TRX255,4,9,2024-04-17,02:58:43,331.56,WITHDRAWAL,Transaction 255,FAILED,Transaction 255 friendly
256,TRX256,5,1,2024-06-06,18:21:19,349.87,DEBIT,Transaction 256,PENDING,Transaction 256 friendly
257,TRX257,5,,2024-08-24,14:21:50,490.95,CREDIT,Transaction 257,PENDING,Transaction 257 friendly
258,TRX258,4,,2024-12-23,11:00:06,63.95,WITHDRAWAL,Transaction 258,SUCCESS,Transaction 258 friendly
259,TRX259,5,8,2024-04-13,08:02:15,112.45,TRANSFER,Transaction 259,PENDING,Transaction 259 friendly
260,TRX260,3,,2024-07-03,08:42:36,349.22,CREDIT,Transaction 260,FAILED,Transaction 260 friendly
261,TRX261,4,,2024-06-02,16:12:06,295.61,PAYMENT,Transaction 261,SUCCESS,Transaction 261 friendly
262,TRX262,4,4,2024-04-04,14:04:21,458.46,WITHDRAWAL,Transaction 262,FAILED,Transaction 262 friendly
263,TRX263,5,,2024-09-06,22:54:33,442.34,WITHDRAWAL,Transaction 263,FAILED,Transaction 263 friendly
264,TRX264,3,,2024-08-15,21:27:41,476.04,CREDIT,Transaction 264,FAILED,Transaction 264 friendly
265,TRX265,2,,2024-10-19,10:24:54,221.61,DEBIT,Transaction 265,FAILED,Transaction 265 friendly
266,TRX266,1,,2024-05-08,01:25:09,84.42,TRANSFER,Transaction 266,PENDING,Transaction 266 friendly
267,TRX267,5,8,2024-11-19,18:39:56,208.5,WITHDRAWAL,Transaction 267,FAILED,Transaction 267 friendly
268,TRX268,4,4,2024-03-16,21:57:09,164.56,WITHDRAWAL,Transaction 268,PENDING,Transaction 268 friendly
269,TRX269,5,1,2024-06-08,01:02:16,252.35,TRANSFER,Transaction 269,FAILED,Transaction 269 friendly
270,TRX270,4,1,2024-05-04,08:56:13,46.66,CREDIT,Transaction 270,FAILED,Transaction 270 friendly
271,TRX271,5,11,2024-01-14,23:43:36,182.14,PAYMENT,Transaction 271,FAILED,Transaction 271 friendly
272,TRX272,5,6,2024-01-23,09:46:16,322.03,CREDIT,Transaction 272,PENDING,Transaction 272 friendly
273,TRX273,2,,2024-11-15,23:12:41,432.58,PAYMENT,Transaction 273,PENDING,Transaction 273 friendly
274,TRX274,4,6,2024-08-09,01:26:29,246.92,PAYMENT,Transaction 274,FAILED,Transaction 274 friendly
275,TRX275,4,6,2024-06-06,12:16:05,209.06,WITHDRAWAL,Transaction 275,FAILED,Transaction 275 friendly
276,TRX276,3,4,2024-09-15,11:03:59,490.18,DEBIT,Transaction 276,PENDING,Transaction 276 friendly
277,TRX277,4,2,2024-06-16,20:25:48,120.61,TRANSFER,Transaction 277,SUCCESS,Transaction 277 friendly
278,TRX278,1,8,2024-04-02,09:25:11,165.97,DEBIT,Transaction 278,FAILED,Transaction 278 friendly
279,TRX279,5,,2024-04-12,23:30:14,469.33,TRANSFER,Transaction 279,SUCCESS,Transaction 279 friendly
280,TRX280,2,,2024-07-18,08:37:48,397.21,DEBIT,Transaction 280,SUCCESS,Transaction 280 friendly
281,TRX281,1,4,2024-10-20,09:53:50,284.32,PAYMENT,Transaction 281,PENDING,Transaction 281 friendly
282,TRX282,4,,2024-12-18,21:28:30,87.87,DEBIT,Transaction 282,SUCCESS,Transaction 282 friendly
283,TRX283,5,,2024-11-04,04:18:55,74.11,WITHDRAWAL,Transaction 283,PENDING,Transaction 283 friendly
284,TRX284,2,,2024-06-01,09:15:39,135.07,PAYMENT,Transaction 284,PENDING,Transaction 284 friendly
285,TRX285,3,,2024-06-27,05:05:48,26.99,CREDIT,Transaction 285,FAILED,Transaction 285 friendly
286,TRX286,3,6,2024-06-10,23:19:05,111.09,CREDIT,Transaction 286,SUCCESS,Transaction 286 friendly
287,TRX287,2,,2024-05-21,10:34:44,203.94,DEBIT,Transaction 287,PENDING,Transaction 287 friendly
288,TRX288,1,,2024-06-12,09:57:22,125.36,WITHDRAWAL,Transaction 288,PENDING,Transaction 288 friendly
289,TRX289,5,5,2024-11-19,01:05:51,385.44,WITHDRAWAL,Transaction 289,PENDING,Transaction 289 friendly
290,TRX290,5,,2024-08-20,19:19:24,347.7,CREDIT,Transaction 290,PENDING,Transaction 290 friendly
291,TRX291,2,,2024-02-19,04:57:42,258.8,PAYMENT,Transaction 291,SUCCESS,Transaction 291 friendly
292,TRX292,3,5,2024-08-05,14:45:46,232.43,TRANSFER,Transaction 292,PENDING,Transaction 292 friendly
293,TRX293,2,11,2024-03-11,02:07:52,362.32,TRANSFER,Transaction 293,PENDING,Transaction 293 friendly
294,TRX294,3,,2024-12-19,16:26:21,251.84,TRANSFER,Transaction 294,FAILED,Transaction 294 friendly
295,TRX295,1,1,2024-07-23,03:58:24,223.21,DEBIT,Transaction 295,PENDING,Transaction 295 friendly
296,TRX296,3,8,2024-11-08,19:32:45,163.22,PAYMENT,Transaction 296,FAILED,Transaction 296 friendly
297,TRX297,1,10,2024-03-08,11:01:06,165.67,CREDIT,Transaction 297,PENDING,Transaction 297 friendly
298,TRX298,1,7,2024-10-21,16:17:44,96.41,DEBIT,Transaction 298,SUCCESS,Transaction 298 friendly
299,TRX299,3,,2024-11-27,00:45:23,216.92,PAYMENT,Transaction 299,FAILED,Transaction 299 friendly
300,TRX300,1,3,2024-05-27,22:39:04,229.58,CREDIT,Transaction 300,FAILED,Transaction 300 friendly
301,TRX301,5,10,2024-04-07,17:48:30,390.24,TRANSFER,Transaction 301,SUCCESS,Transaction 301 friendly
302,TRX302,4,,2024-03-11,07:40:59,295.82,WITHDRAWAL,Transaction 302,SUCCESS,Transaction 302 friendly
303,TRX303,4,,2024-06-02,02:55:58,58.65,DEBIT,Transaction 303,FAILED,Transaction 303 friendly
304,TRX304,4,11,2024-07-12,02:20:57,497.69,CREDIT,Transaction 304,FAILED,Transaction 304 friendly
305,TRX305,4,,2024-10-30,22:24:59,241.9,DEBIT,Transaction 305,SUCCESS,Transaction 305 friendly
306,TRX306,5,,2024-05-21,15:07:54,50.92,DEBIT,Transaction 306,SUCCESS,Transaction 306 friendly
307,TRX307,3,,2024-11-07,01:21:09,64.41,TRANSFER,Transaction 307,SUCCESS,Transaction 307 friendly
308,TRX308,5,5,2024-11-19,02:33:36,145.69,TRANSFER,Transaction 308,PENDING,Transaction 308 friendly
309,TRX309,1,5,2024-12-25,13:47:56,447.92,DEBIT,Transaction 309,PENDING,Transaction 309 friendly
310,TRX310,2,,2024-01-11,01:50:31,170.47,TRANSFER,Transaction 310,PENDING,Transaction 310 friendly
311,TRX311,5,5,2024-11-08,00:48:38,248.57,DEBIT,Transaction 311,FAILED,Transaction 311 friendly
312,TRX312,1,,2024-08-27,18:02:47,56.92,WITHDRAWAL,Transaction 312,SUCCESS,Transaction 312 friendly
313,TRX313,3,5,2024-11-12,23:54:32,487.31,DEBIT,Transaction 313,PENDING,Transaction 313 friendly
314,TRX314,2,3,2024-08-29,17:37:36,77.74,DEBIT,Transaction 314,FAILED,Transaction 314 friendly
315,TRX315,3,5,2024-06-19,19:08:48,482.16,CREDIT,Transaction 315,SUCCESS,Transaction 315 friendly
316,TRX316,3,8,2024-05-01,11:14:42,165.52,CREDIT,Transaction 316,PENDING,Transaction 316 friendly
317,TRX317,1,3,2024-11-07,08:33:13,89.1,TRANSFER,Transaction 317,PENDING,Transaction 317 friendly
318,TRX318,1,,2024-02-16,20:57:27,456.59,TRANSFER,Transaction 318,PENDING,Transaction 318 friendly
319,TRX319,4,9,2024-01-21,00:20:54,379.21,WITHDRAWAL,Transaction 319,SUCCESS,Transaction 319 friendly
320,TRX320,1,2,2024-02-09,05:54:48,67.86,TRANSFER,Transaction 320,PENDING,Transaction 320 friendly
321,TRX321,3,,2024-05-02,17:02:40,368.18,TRANSFER,Transaction 321,SUCCESS,Transaction 321 friendly
322,TRX322,2,9,2024-05-17,01:42:15,89.81,PAYMENT,Transaction 322,SUCCESS,Transaction 322 friendly
323,TRX323,5,1,2024-12-19,23:46:14,73.08,TRANSFER,Transaction 323,SUCCESS,Transaction 323 friendly
324,TRX324,3,7,2024-08-08,11:38:55,272.24,TRANSFER,Transaction 324,PENDING,Transaction 324 friendly
325,TRX325,1,2,2024-12-10,03:52:07,491.99,WITHDRAWAL,Transaction 325,PENDING,Transaction 325 friendly
326,TRX326,2,2,2024-08-16,10:30:29,481.46,CREDIT,Transaction 326,PENDING,Transaction 326 friendly
327,TRX327,2,,2024-05-17,06:40:22,19.19,TRANSFER,Transaction 327,PENDING,Transaction 327 friendly
328,TRX328,5,,2024-02-10,17:53:23,433.45,CREDIT,Transaction 328,PENDING,Transaction 328 friendly
329,TRX329,1,7,2024-09-20,03:53:47,176.16,WITHDRAWAL,Transaction 329,PENDING,Transaction 329 friendly
330,TRX330,3,,2024-05-10,01:21:05,375.03,DEBIT,Transaction 330,FAILED,Transaction 330 friendly
331,TRX331,5,9,2024-05-06,13:00:05,489.38,WITHDRAWAL,Transaction 331,PENDING,Transaction 331 friendly
332,TRX332,5,4,2024-06-23,11:41:16,363.48,CREDIT,Transaction 332,SUCCESS,Transaction 332 friendly
333,TRX333,1,,2024-09-10,11:46:01,231.69,DEBIT,Transaction 333,PENDING,Transaction 333 friendly
334,TRX334,2,3,2024-12-21,10:21:41,484.24,WITHDRAWAL,Transaction 334,FAILED,Transaction 334 friendly
335,TRX335,1,6,2024-09-26,23:24:41,44.99,WITHDRAWAL,Transaction 335,PENDING,Transaction 335 friendly
336,TRX336,4,10,2024-07-25,08:36:47,348.45,PAYMENT,Transaction 336,PENDING,Transaction 336 friendly
337,TRX337,3,,2024-12-12,12:17:32,473.31,DEBIT,Transaction 337,PENDING,Transaction 337 friendly
338,TRX338,5,,2024-07-26,07:22:52,15.43,CREDIT,Transaction 338,SUCCESS,Transaction 338 friendly
339,TRX339,4,,2024-03-29,08:14:06,407.87,TRANSFER,Transaction 339,SUCCESS,Transaction 339 friendly
340,TRX340,3,,2024-04-21,05:29:12,425.22,WITHDRAWAL,Transaction 340,PENDING,Transaction 340 friendly
341,TRX341,1,,2024-12-11,22:05:45,46.81,PAYMENT,Transaction 341,PENDING,Transaction 341 friendly
342,TRX342,5,3,2024-10-23,11:37:27,472.2,TRANSFER,Transaction 342,PENDING,Transaction 342 friendly
343,TRX343,2,10,2024-09-01,00:58:41,230.05,CREDIT,Transaction 343,PENDING,Transaction 343 friendly
344,TRX344,5,,2024-11-16,00:00:50,58.32,DEBIT,Transaction 344,FAILED,Transaction 344 friendly
345,TRX345,2,,2024-04-10,15:42:13,253.97,DEBIT,Transaction 345,SUCCESS,Transaction 345 friendly
346,TRX346,1,,2024-07-08,14:30:45,112.3,DEBIT,Transaction 346,FAILED,Transaction 346 friendly
347,TRX347,5,,2024-12-24,21:54:38,148.21,WITHDRAWAL,Transaction 347,FAILED,Transaction 347 friendly
348,TRX348,1,,2024-04-10,17:26:21,183.59,TRANSFER,Transaction 348,FAILED,Transaction 348 friendly
349,TRX349,3,,2024-11-11,00:48:21,40.63,DEBIT,Transaction 349,SUCCESS,Transaction 349 friendly
350,TRX350,5,2,2024-03-04,20:59:04,41.88,PAYMENT,Transaction 350,SUCCESS,Transaction 350 friendly
351,TRX351,4,,2024-11-09,01:50:16,254.02,PAYMENT,Transaction 351,PENDING,Transaction 351 friendly
352,TRX352,4,5,2024-12-27,22:33:19,484.62,TRANSFER,Transaction 352,FAILED,Transaction 352 friendly
353,TRX353,1,,2024-03-04,12:45:48,403.93,WITHDRAWAL,Transaction 353,SUCCESS,Transaction 353 friendly
354,TRX354,2,,2024-12-05,22:14:56,374.38,CREDIT,Transaction 354,FAILED,Transaction 354 friendly
355,TRX355,2,,2024-02-16,03:19:50,196.74,DEBIT,Transaction 355,SUCCESS,Transaction 355 friendly
356,TRX356,1,,2024-08-13,23:09:20,399.42,CREDIT,Transaction 356,SUCCESS,Transaction 356 friendly
357,TRX357,4,8,2024-07-03,00:17:13,484.32,PAYMENT,Transaction 357,SUCCESS,Transaction 357 friendly
358,TRX358,2,,2024-07-20,08:30:50,202.79,DEBIT,Transaction 358,PENDING,Transaction 358 friendly
359,TRX359,2,4,2024-07-05,21:32:46,413.26,TRANSFER,Transaction 359,PENDING,Transaction 359 friendly
360,TRX360,1,,2024-09-04,18:29:10,350.07,PAYMENT,Transaction 360,PENDING,Transaction 360 friendly
361,TRX361,3,4,2024-02-23,11:45:58,455.22,WITHDRAWAL,Transaction 361,SUCCESS,Transaction 361 friendly
362,TRX362,5,6,2024-05-29,23:10:36,151.88,TRANSFER,Transaction 362,SUCCESS,Transaction 362 friendly
363,TRX363,4,1,2024-01-01,00:40:46,342.71,TRANSFER,Transaction 363,PENDING,Transaction 363 friendly
364,TRX364,2,7,2024-11-06,17:02:19,278.65,WITHDRAWAL,Transaction 364,FAILED,Transaction 364 friendly
365,TRX365,3,11,2024-03-02,02:52:54,153.09,WITHDRAWAL,Transaction 365,FAILED,Transaction 365 friendly
366,TRX366,3,,2024-04-01,01:36:56,49.24,WITHDRAWAL,Transaction 366,FAILED,Transaction 366 friendly
367,TRX367,3,,2024-10-15,15:40:32,109.67,CREDIT,Transaction 367,PENDING,Transaction 367 friendly
368,TRX368,5,,2024-10-11,02:07:20,248.88,WITHDRAWAL,Transaction 368,PENDING,Transaction 368 friendly
369,TRX369,3,,2024-09-25,13:03:32,108.59,WITHDRAWAL,Transaction 369,SUCCESS,Transaction 369 friendly
370,TRX370,3,6,2024-09-13,15:13:48,163.71,DEBIT,Transaction 370,SUCCESS,Transaction 370 friendly
371,TRX371,4,,2024-01-07,10:42:00,60.13,DEBIT,Transaction 371,FAILED,Transaction 371 friendly
372,TRX372,1,,2024-02-25,08:39:29,92.84,WITHDRAWAL,Transaction 372,FAILED,Transaction 372 friendly
373,TRX373,3,9,2024-01-02,03:53:15,325.5,TRANSFER,Transaction 373,FAILED,Transaction 373 friendly
374,TRX374,2,9,2024-10-17,02:12:53,494.16,TRANSFER,Transaction 374,SUCCESS,Transaction 374 friendly
375,TRX375,5,3,2024-01-30,21:52:49,389.62,TRANSFER,Transaction 375,PENDING,Transaction 375 friendly
376,TRX376,4,,2024-07-27,10:17:00,34.94,DEBIT,Transaction 376,FAILED,Transaction 376 friendly
377,TRX377,1,,2024-05-31,05:04:06,321.39,WITHDRAWAL,Transaction 377,FAILED,Transaction 377 friendly
378,TRX378,4,,2024-04-06,11:12:00,436.79,TRANSFER,Transaction 378,PENDING,Transaction 378 friendly
379,TRX379,3,,2024-03-17,05:49:25,379.31,CREDIT,Transaction 379,SUCCESS,Transaction 379 friendly
380,TRX380,1,,2024-03-22,18:29:40,16.09,CREDIT,Transaction 380,FAILED,Transaction 380 friendly
381,TRX381,5,,2024-11-20,12:44:35,364.19,TRANSFER,Transaction 381,PENDING,Transaction 381 friendly
382,TRX382,3,,2024-06-19,13:24:50,478.6,CREDIT,Transaction 382,PENDING,Transaction 382 friendly
383,TRX383,5,,2024-03-11,08:42:32,141.31,TRANSFER,Transaction 383,PENDING,Transaction 383 friendly
384,TRX384,5,,2024-04-20,01:35:56,179.1,DEBIT,Transaction 384,PENDING,Transaction 384 friendly
385,TRX385,1,10,2024-10-24,21:28:05,237.74,WITHDRAWAL,Transaction 385,SUCCESS,Transaction 385 friendly
386,TRX386,4,7,2024-11-16,15:56:12,207.14,TRANSFER,Transaction 386,PENDING,Transaction 386 friendly
387,TRX387,1,,2024-03-30,17:45:57,392.99,PAYMENT,Transaction 387,SUCCESS,Transaction 387 friendly
388,TRX388,2,1,2024-12-29,00:10:58,489.06,WITHDRAWAL,Transaction 388,FAILED,Transaction 388 friendly
389,TRX389,1,2,2024-08-21,04:03:51,293.47,CREDIT,Transaction 389,SUCCESS,Transaction 389 friendly
390,TRX390,5,,2024-03-04,02:35:10,379.72,PAYMENT,Transaction 390,FAILED,Transaction 390 friendly
391,TRX391,5,,2024-08-22,13:02:02,38.47,PAYMENT,Transaction 391,FAILED,Transaction 391 friendly
392,TRX392,1,,2024-11-21,13:48:03,30.57,WITHDRAWAL,Transaction 392,PENDING,Transaction 392 friendly
393,TRX393,3,1,2024-10-21,16:22:21,348.77,PAYMENT,Transaction 393,FAILED,Transaction 393 friendly
394,TRX394,3,9,2024-01-16,01:15:24,377.61,PAYMENT,Transaction 394,PENDING,Transaction 394 friendly
395,TRX395,1,4,2024-08-13,03:05:34,471.66,WITHDRAWAL,Transaction 395,FAILED,Transaction 395 friendly
396,TRX396,4,,2024-12-27,03:55:38,303.1,WITHDRAWAL,Transaction 396,PENDING,Transaction 396 friendly
397,TRX397,5,,2024-09-28,03:34:14,29.74,PAYMENT,Transaction 397,SUCCESS,Transaction 397 friendly
398,TRX398,3,,2024-11-23,10:37:35,143.77,CREDIT,Transaction 398,PENDING,Transaction 398 friendly
399,TRX399,4,,2024-10-17,14:58:15,319.06,TRANSFER,Transaction 399,SUCCESS,Transaction 399 friendly
400,TRX400,4,11,2024-07-24,18:45:00,174.04,CREDIT,Transaction 400,PENDING,Transaction 400 friendly
401,TRX401,4,9,2024-05-15,09:29:42,196.18,PAYMENT,Transaction 401,PENDING,Transaction 401 friendly
402,TRX402,2,1,2024-07-29,21:19:47,204.6,CREDIT,Transaction 402,FAILED,Transaction 402 friendly
403,TRX403,1,,2024-04-02,16:43:05,147.88,PAYMENT,Transaction 403,PENDING,Transaction 403 friendly
404,TRX404,1,2,2024-11-19,03:05:36,188.89,DEBIT,Transaction 404,FAILED,Transaction 404 friendly
405,TRX405,3,9,2024-12-19,19:49:45,348.53,PAYMENT,Transaction 405,PENDING,Transaction 405 friendly
406,TRX406,2,,2024-06-10,16:17:57,90.89,WITHDRAWAL,Transaction 406,FAILED,Transaction 406 friendly
407,TRX407,5,,2024-10-27,04:43:43,170.9,TRANSFER,Transaction 407,PENDING,Transaction 407 friendly
408,TRX408,3,3,2024-11-01,10:30:01,239.13,TRANSFER,Transaction 408,FAILED,Transaction 408 friendly
409,TRX409,4,11,2024-07-16,16:54:49,113.62,TRANSFER,Transaction 409,SUCCESS,Transaction 409 friendly
410,TRX410,4,8,2024-04-16,13:03:56,471.0,PAYMENT,Transaction 410,PENDING,Transaction 410 friendly
411,TRX411,3,11,2024-01-03,10:54:27,289.33,CREDIT,Transaction 411,SUCCESS,Transaction 411 friendly
412,TRX412,3,,2024-12-14,02:14:35,29.35,DEBIT,Transaction 412,PENDING,Transaction 412 friendly
413,TRX413,3,,2024-04-12,20:36:34,145.83,PAYMENT,Transaction 413,FAILED,Transaction 413 friendly
414,TRX414,2,3,2024-09-18,12:51:32,322.03,TRANSFER,Transaction 414,FAILED,Transaction 414 friendly
415,TRX415,3,6,2024-04-28,15:41:33,188.39,DEBIT,Transaction 415,SUCCESS,Transaction 415 friendly
416,TRX416,1,4,2024-08-03,22:10:54,331.02,TRANSFER,Transaction 416,SUCCESS,Transaction 416 friendly
417,TRX417,3,6,2024-05-29,03:52:34,321.28,DEBIT,Transaction 417,SUCCESS,Transaction 417 friendly
418,TRX418,3,,2024-04-18,18:38:07,367.16,PAYMENT,Transaction 418,FAILED,Transaction 418 friendly
419,TRX419,1,6,2024-10-06,06:05:50,160.72,DEBIT,Transaction 419,FAILED,Transaction 419 friendly
420,TRX420,2,,2024-07-19,11:31:16,416.29,CREDIT,Transaction 420,SUCCESS,Transaction 420 friendly
421,TRX421,4,,2024-04-03,13:16:34,284.62,DEBIT,Transaction 421,SUCCESS,Transaction 421 friendly
422,TRX422,1,3,2024-05-21,23:08:29,72.5,PAYMENT,Transaction 422,SUCCESS,Transaction 422 friendly
423,TRX423,4,,2024-07-15,10:54:49,23.34,CREDIT,Transaction 423,PENDING,Transaction 423 friendly
424,TRX424,3,,2024-07-25,23:38:15,311.86,CREDIT,Transaction 424,PENDING,Transaction 424 friendly
425,TRX425,4,8,2024-01-08,19:34:08,139.81,CREDIT,Transaction 425,FAILED,Transaction 425 friendly
426,TRX426,5,4,2024-03-23,14:50:46,66.3,PAYMENT,Transaction 426,SUCCESS,Transaction 426 friendly
427,TRX427,4,,2024-03-05,16:42:21,414.69,DEBIT,Transaction 427,FAILED,Transaction 427 friendly
428,TRX428,1,,2024-03-01,17:27:01,86.36,PAYMENT,Transaction 428,PENDING,Transaction 428 friendly
429,TRX429,3,,2024-03-29,02:02:15,463.39,PAYMENT,Transaction 429,SUCCESS,Transaction 429 friendly
430,TRX430,2,,2024-02-13,21:07:18,261.3,DEBIT,Transaction 430,FAILED,Transaction 430 friendly
431,TRX431,4,11,2024-08-07,01:17:48,473.29,PAYMENT,Transaction 431,PENDING,Transaction 431 friendly
432,TRX432,4,5,2024-11-10,00:10:52,193.22,CREDIT,Transaction 432,SUCCESS,Transaction 432 friendly
433,TRX433,4,11,2024-09-06,12:39:44,157.22,TRANSFER,Transaction 433,FAILED,Transaction 433 friendly
434,TRX434,2,11,2024-03-31,16:44:52,355.88,WITHDRAWAL,Transaction 434,FAILED,Transaction 434 friendly
435,TRX435,5,4,2024-12-06,21:55:23,207.95,TRANSFER,Transaction 435,FAILED,Transaction 435 friendly
436,TRX436,2,,2024-01-20,16:52:51,120.43,DEBIT,Transaction 436,FAILED,Transaction 436 friendly
437,TRX437,3,,2024-06-08,03:44:54,247.17,PAYMENT,Transaction 437,FAILED,Transaction 437 friendly
438,TRX438,1,3,2024-08-24,09:24:12,135.08,TRANSFER,Transaction 438,PENDING,Transaction 438 friendly
439,TRX439,2,,2024-04-05,09:32:46,391.96,TRANSFER,Transaction 439,PENDING,Transaction 439 friendly
440,TRX440,2,4,2024-09-26,11:59:12,377.11,TRANSFER,Transaction 440,FAILED,Transaction 440 friendly
441,TRX441,4,,2024-01-31,17:47:37,442.39,WITHDRAWAL,Transaction 441,FAILED,Transaction 441 friendly
442,TRX442,5,,2024-01-24,15:35:31,200.11,PAYMENT,Transaction 442,FAILED,Transaction 442 friendly
443,TRX443,3,,2024-06-08,20:09:36,86.83,TRANSFER,Transaction 443,SUCCESS,Transaction 443 friendly
444,TRX444,2,,2024-05-20,07:27:46,282.41,CREDIT,Transaction 444,FAILED,Transaction 444 friendly
445,TRX445,2,1,2024-08-11,14:32:50,398.04,TRANSFER,Transaction 445,PENDING,Transaction 445 friendly
446,TRX446,1,10,2024-02-14,05:49:26,58.38,CREDIT,Transaction 446,FAILED,Transaction 446 friendly
447,TRX447,4,,2024-06-11,13:46:52,468.58,WITHDRAWAL,Transaction 447,SUCCESS,Transaction 447 friendly
448,TRX448,5,5,2024-08-14,09:11:46,450.98,PAYMENT,Transaction 448,SUCCESS,Transaction 448 friendly
449,TRX449,3,5,2024-05-23,08:19:40,365.56,PAYMENT,Transaction 449,FAILED,Transaction 449 friendly
450,TRX450,1,5,2024-09-19,03:25:30,226.4,CREDIT,Transaction 450,SUCCESS,Transaction 450 friendly
451,TRX451,5,,2024-10-19,19:00:35,450.1,WITHDRAWAL,Transaction 451,SUCCESS,Transaction 451 friendly
452,TRX452,1,1,2024-01-03,23:11:05,27.7,DEBIT,Transaction 452,SUCCESS,Transaction 452 friendly
453,TRX453,3,10,2024-10-07,14:03:46,239.57,DEBIT,Transaction 453,PENDING,Transaction 453 friendly
454,TRX454,5,3,2024-10-14,10:04:24,460.54,DEBIT,Transaction 454,SUCCESS,Transaction 454 friendly
455,TRX455,2,,2024-12-08,20:45:24,227.43,TRANSFER,Transaction 455,SUCCESS,Transaction 455 friendly
456,TRX456,1,6,2024-02-01,21:32:54,122.85,DEBIT,Transaction 456,SUCCESS,Transaction 456 friendly
457,TRX457,2,3,2024-11-27,19:09:00,395.1,WITHDRAWAL,Transaction 457,FAILED,Transaction 457 friendly
458,TRX458,1,11,2024-04-01,06:40:19,116.22,PAYMENT,Transaction 458,PENDING,Transaction 458 friendly
459,TRX459,5,1,2024-04-13,10:14:24,39.73,CREDIT,Transaction 459,FAILED,Transaction 459 friendly
460,TRX460,4,,2024-08-03,12:17:55,484.54,DEBIT,Transaction 460,SUCCESS,Transaction 460 friendly
461,TRX461,4,,2024-03-09,09:10:17,374.98,WITHDRAWAL,Transaction 461,FAILED,Transaction 461 friendly
462,TRX462,1,1,2024-01-31,14:14:14,208.4,CREDIT,Transaction 462,PENDING,Transaction 462 friendly
463,TRX463,1,,2024-10-04,01:07:33,378.23,CREDIT,Transaction 463,SUCCESS,Transaction 463 friendly
464,TRX464,3,1,2024-01-07,12:25:46,241.93,PAYMENT,Transaction 464,SUCCESS,Transaction 464 friendly
465,TRX465,5,3,2024-11-09,06:55:48,305.92,CREDIT,Transaction 465,FAILED,Transaction 465 friendly
466,TRX466,2,,2024-02-17,19:27:40,412.47,TRANSFER,Transaction 466,FAILED,Transaction 466 friendly
467,TRX467,1,1,2024-01-27,19:09:30,19.02,WITHDRAWAL,Transaction 467,FAILED,Transaction 467 friendly
468,TRX468,2,4,2024-01-19,01:39:45,182.77,WITHDRAWAL,Transaction 468,PENDING,Transaction 468 friendly
469,TRX469,4,,2024-01-04,05:21:18,431.79,CREDIT,Transaction 469,PENDING,Transaction 469 friendly
470,TRX470,4,,2024-11-06,01:36:51,486.11,DEBIT,Transaction 470,SUCCESS,Transaction 470 friendly
471,TRX471,1,11,2024-04-16,00:11:02,32.52,CREDIT,Transaction 471,FAILED,Transaction 471 friendly
472,TRX472,5,11,2024-03-14,02:35:41,56.16,DEBIT,Transaction 472,PENDING,Transaction 472 friendly
473,TRX473,2,,2024-10-06,15:08:15,399.56,CREDIT,Transaction 473,PENDING,Transaction 473 friendly
474,TRX474,5,,2024-05-07,18:23:13,100.18,WITHDRAWAL,Transaction 474,PENDING,Transaction 474 friendly
475,TRX475,3,9,2024-11-29,02:53:05,108.98,CREDIT,Transaction 475,FAILED,Transaction 475 friendly
476,TRX476,1,5,2024-07-10,19:17:24,159.58,CREDIT,Transaction 476,SUCCESS,Transaction 476 friendly
477,TRX477,1,,2024-08-09,11:40:18,275.38,DEBIT,Transaction 477,SUCCESS,Transaction 477 friendly
478,TRX478,5,,2024-06-17,11:48:05,192.12,CREDIT,Transaction 478,FAILED,Transaction 478 friendly
479,TRX479,5,,2024-06-21,04:55:59,118.98,TRANSFER,Transaction 479,PENDING,Transaction 479 friendly
480,TRX480,1,11,2024-11-28,11:01:49,50.71,WITHDRAWAL,Transaction 480,SUCCESS,Transaction 480 friendly
481,TRX481,5,10,2024-10-12,00:43:53,11.34,PAYMENT,Transaction 481,SUCCESS,Transaction 481 friendly
482,TRX482,4,3,2024-11-09,17:18:49,277.14,DEBIT,Transaction 482,FAILED,Transaction 482 friendly
483,TRX483,5,7,2024-09-20,20:44:24,275.4,CREDIT,Transaction 483,SUCCESS,Transaction 483 friendly
484,TRX484,2,,2024-05-03,22:37:41,486.86,TRANSFER,Transaction 484,FAILED,Transaction 484 friendly
485,TRX485,2,11,2024-06-18,16:55:45,348.63,CREDIT,Transaction 485,FAILED,Transaction 485 friendly
486,TRX486,4,3,2024-11-13,21:50:36,22.27,WITHDRAWAL,Transaction 486,SUCCESS,Transaction 486 friendly
487,TRX487,1,,2024-06-02,17:38:03,218.04,TRANSFER,Transaction 487,SUCCESS,Transaction 487 friendly
488,TRX488,3,5,2024-08-25,07:57:02,209.97,CREDIT,Transaction 488,FAILED,Transaction 488 friendly
489,TRX489,1,5,2024-12-03,03:53:31,191.47,TRANSFER,Transaction 489,PENDING,Transaction 489 friendly
490,TRX490,4,6,2024-09-21,20:12:32,165.66,PAYMENT,Transaction 490,SUCCESS,Transaction 490 friendly
491,TRX491,5,,2024-04-04,09:27:14,407.37,WITHDRAWAL,Transaction 491,SUCCESS,Transaction 491 friendly
492,TRX492,3,10,2024-11-06,22:46:17,491.06,TRANSFER,Transaction 492,SUCCESS,Transaction 492 friendly
493,TRX493,1,1,2024-02-25,19:01:07,332.27,CREDIT,Transaction 493,PENDING,Transaction 493 friendly
494,TRX494,4,6,2024-08-01,00:32:47,103.41,WITHDRAWAL,Transaction 494,PENDING,Transaction 494 friendly
495,TRX495,5,2,2024-11-07,13:21:25,75.52,TRANSFER,Transaction 495,SUCCESS,Transaction 495 friendly
496,TRX496,1,,2024-11-12,10:32:41,304.6,DEBIT,Transaction 496,PENDING,Transaction 496 friendly
497,TRX497,5,1,2024-07-21,00:43:28,423.45,CREDIT,Transaction 497,SUCCESS,Transaction 497 friendly
498,TRX498,4,,2024-06-29,09:45:48,469.18,WITHDRAWAL,Transaction 498,SUCCESS,Transaction 498 friendly
499,TRX499,2,5,2024-06-26,19:47:42,369.33,DEBIT,Transaction 499,FAILED,Transaction 499 friendly
500,TRX500,3,1,2024-04-22,21:53:37,297.94,PAYMENT,Transaction 500,FAILED,Transaction 500 friendly
